Frank Giordano,1999,Anne Bruno,Kevin Giordano
Anne Bruno,1961,Lulu Yarrow,John Bruno
Patricia Bruno,1965,Lulu Yarrow,John Bruno
Sam Greene,1999,Patricia Bruno,Larry Greene
Rosie Greene,2002,Patricia Bruno,Larry Greene
Lulu Yarrow,1929,Agnieszka Holland,Frank Yarrow
John Bruno,1934,Sylvia England,John A.C. Bruno
Kevin Giordano,1965,Sharon Highwater,Michael Giordano
Rachel Giordano,1968,Sharon Highwater,Michael Giordano
Jeremy Giordano,1969,Sharon Highwater,Michael Giordano
Sharon Highwater,1944,Mildred Hutchinson,William Highwater
Michael Giordano,1943,Jeanette Mobley,Clements Giordano


